[{"model": "admin.logentry", "pk": 1, "fields": {"action_time": "2021-11-09T10:42:26.220Z", "user": 1, "content_type": 7, "object_id": "1", "object_repr": "retroconsole.example.com", "action_flag": 2, "change_message": "[{\"changed\": {\"fields\": [\"Domain name\", \"Display name\"]}}]"}}, {"model": "admin.logentry", "pk": 2, "fields": {"action_time": "2021-11-09T10:48:43.153Z", "user": 1, "content_type": 4, "object_id": "2", "object_repr": "craigmantona@yahoo.co.uk", "action_flag": 1, "change_message": "[{\"added\": {}}]"}}, {"model": "admin.logentry", "pk": 3, "fields": {"action_time": "2021-11-09T10:49:22.638Z", "user": 1, "content_type": 8, "object_id": "1", "object_repr": "craigmantona@yahoo.co.uk", "action_flag": 1, "change_message": "[{\"added\": {}}]"}}, {"model": "admin.logentry", "pk": 4, "fields": {"action_time": "2021-11-09T10:49:48.073Z", "user": 1, "content_type": 8, "object_id": "2", "object_repr": "craigmantona@hotmail.com", "action_flag": 1, "change_message": "[{\"added\": {}}]"}}, {"model": "admin.logentry", "pk": 5, "fields": {"action_time": "2021-11-10T22:20:22.845Z", "user": 1, "content_type": 14, "object_id": "1", "object_repr": "SNES", "action_flag": 1, "change_message": "[{\"added\": {}}]"}}, {"model": "admin.logentry", "pk": 6, "fields": {"action_time": "2021-11-12T10:10:43.579Z", "user": 1, "content_type": 14, "object_id": "1", "object_repr": "Nintendo SNES", "action_flag": 2, "change_message": "[{\"changed\": {\"fields\": [\"Image\"]}}]"}}, {"model": "admin.logentry", "pk": 7, "fields": {"action_time": "2021-11-12T10:14:32.061Z", "user": 1, "content_type": 14, "object_id": "1", "object_repr": "Nintendo SNES", "action_flag": 2, "change_message": "[{\"changed\": {\"fields\": [\"Image\"]}}]"}}, {"model": "admin.logentry", "pk": 8, "fields": {"action_time": "2021-11-12T10:20:53.077Z", "user": 1, "content_type": 14, "object_id": "1", "object_repr": "Nintendo SNES", "action_flag": 2, "change_message": "[{\"changed\": {\"fields\": [\"Image\"]}}]"}}, {"model": "admin.logentry", "pk": 9, "fields": {"action_time": "2021-11-12T10:25:14.998Z", "user": 1, "content_type": 14, "object_id": "1", "object_repr": "Nintendo SNES", "action_flag": 2, "change_message": "[{\"changed\": {\"fields\": [\"Image\"]}}]"}}, {"model": "admin.logentry", "pk": 10, "fields": {"action_time": "2021-11-12T11:56:42.117Z", "user": 1, "content_type": 14, "object_id": "5", "object_repr": "Sega Megadrive", "action_flag": 2, "change_message": "[{\"changed\": {\"fields\": [\"Image\"]}}]"}}, {"model": "admin.logentry", "pk": 11, "fields": {"action_time": "2021-11-12T11:56:54.992Z", "user": 1, "content_type": 14, "object_id": "5", "object_repr": "Sega Megadrive", "action_flag": 2, "change_message": "[{\"changed\": {\"fields\": [\"Image\"]}}]"}}, {"model": "admin.logentry", "pk": 12, "fields": {"action_time": "2021-11-12T12:01:01.459Z", "user": 1, "content_type": 14, "object_id": "7", "object_repr": "Sony Playstation", "action_flag": 2, "change_message": "[{\"changed\": {\"fields\": [\"Image\"]}}]"}}, {"model": "admin.logentry", "pk": 13, "fields": {"action_time": "2021-11-12T12:01:16.735Z", "user": 1, "content_type": 14, "object_id": "7", "object_repr": "Sony Playstation", "action_flag": 2, "change_message": "[{\"changed\": {\"fields\": [\"Image\"]}}]"}}, {"model": "admin.logentry", "pk": 14, "fields": {"action_time": "2021-11-12T12:08:04.664Z", "user": 1, "content_type": 14, "object_id": "6", "object_repr": "Sega Saturn", "action_flag": 2, "change_message": "[{\"changed\": {\"fields\": [\"Name\", \"Description\", \"Image\"]}}]"}}, {"model": "admin.logentry", "pk": 15, "fields": {"action_time": "2021-11-12T12:11:32.582Z", "user": 1, "content_type": 14, "object_id": "4", "object_repr": "Sega Master System", "action_flag": 2, "change_message": "[{\"changed\": {\"fields\": [\"Image\"]}}]"}}, {"model": "admin.logentry", "pk": 16, "fields": {"action_time": "2021-11-12T12:11:45.772Z", "user": 1, "content_type": 14, "object_id": "4", "object_repr": "Sega Master System", "action_flag": 2, "change_message": "[{\"changed\": {\"fields\": [\"Image\"]}}]"}}, {"model": "admin.logentry", "pk": 17, "fields": {"action_time": "2021-11-12T12:27:30.184Z", "user": 1, "content_type": 14, "object_id": "10", "object_repr": "Sega Gamegear", "action_flag": 2, "change_message": "[{\"changed\": {\"fields\": [\"Image\"]}}]"}}, {"model": "admin.logentry", "pk": 18, "fields": {"action_time": "2021-11-12T12:27:44.505Z", "user": 1, "content_type": 14, "object_id": "10", "object_repr": "Sega Gamegear", "action_flag": 2, "change_message": "[{\"changed\": {\"fields\": [\"Image\"]}}]"}}, {"model": "admin.logentry", "pk": 19, "fields": {"action_time": "2021-11-12T12:38:38.619Z", "user": 1, "content_type": 14, "object_id": "7", "object_repr": "Sony Playstation", "action_flag": 2, "change_message": "[{\"changed\": {\"fields\": [\"Image\"]}}]"}}, {"model": "admin.logentry", "pk": 20, "fields": {"action_time": "2021-11-12T12:39:02.659Z", "user": 1, "content_type": 14, "object_id": "7", "object_repr": "Sony Playstation", "action_flag": 2, "change_message": "[{\"changed\": {\"fields\": [\"Image\"]}}]"}}, {"model": "admin.logentry", "pk": 21, "fields": {"action_time": "2021-11-21T18:51:32.549Z", "user": 4, "content_type": 14, "object_id": "17", "object_repr": "adas", "action_flag": 3, "change_message": ""}}, {"model": "admin.logentry", "pk": 22, "fields": {"action_time": "2021-11-21T18:51:32.576Z", "user": 4, "content_type": 14, "object_id": "16", "object_repr": "CS", "action_flag": 3, "change_message": ""}}, {"model": "admin.logentry", "pk": 23, "fields": {"action_time": "2021-11-26T15:28:56.389Z", "user": 5, "content_type": 14, "object_id": "14", "object_repr": "Sony PS1 controller", "action_flag": 2, "change_message": "[{\"changed\": {\"fields\": [\"Description\"]}}]"}}, {"model": "admin.logentry", "pk": 24, "fields": {"action_time": "2021-11-26T15:29:48.084Z", "user": 5, "content_type": 14, "object_id": "7", "object_repr": "Sony Playstation", "action_flag": 2, "change_message": "[{\"changed\": {\"fields\": [\"Description\"]}}]"}}, {"model": "admin.logentry", "pk": 25, "fields": {"action_time": "2021-11-26T15:30:15.853Z", "user": 5, "content_type": 14, "object_id": "8", "object_repr": "Sony Playstation 2", "action_flag": 2, "change_message": "[{\"changed\": {\"fields\": [\"Description\"]}}]"}}, {"model": "admin.logentry", "pk": 26, "fields": {"action_time": "2021-11-26T15:30:48.613Z", "user": 5, "content_type": 14, "object_id": "5", "object_repr": "Sega Megadrive", "action_flag": 2, "change_message": "[{\"changed\": {\"fields\": [\"Description\"]}}]"}}, {"model": "admin.logentry", "pk": 27, "fields": {"action_time": "2021-11-26T15:31:25.265Z", "user": 5, "content_type": 14, "object_id": "3", "object_repr": "Nintendo 64", "action_flag": 2, "change_message": "[{\"changed\": {\"fields\": [\"Description\"]}}]"}}, {"model": "admin.logentry", "pk": 28, "fields": {"action_time": "2021-11-26T15:31:55.046Z", "user": 5, "content_type": 14, "object_id": "11", "object_repr": "Nintendo Gamecube", "action_flag": 2, "change_message": "[{\"changed\": {\"fields\": [\"Description\"]}}]"}}, {"model": "admin.logentry", "pk": 29, "fields": {"action_time": "2021-11-26T15:39:17.264Z", "user": 5, "content_type": 13, "object_id": "2", "object_repr": "controller", "action_flag": 2, "change_message": "[]"}}, {"model": "admin.logentry", "pk": 30, "fields": {"action_time": "2021-11-26T19:10:12.437Z", "user": 5, "content_type": 19, "object_id": "1", "object_repr": "sdad", "action_flag": 1, "change_message": "[{\"added\": {}}]"}}, {"model": "admin.logentry", "pk": 31, "fields": {"action_time": "2021-11-26T19:13:59.925Z", "user": 5, "content_type": 14, "object_id": "14", "object_repr": "Sony PS1 controller", "action_flag": 2, "change_message": "[{\"changed\": {\"fields\": [\"Manufacturer\"]}}]"}}, {"model": "admin.logentry", "pk": 32, "fields": {"action_time": "2021-11-26T19:14:08.150Z", "user": 5, "content_type": 14, "object_id": "12", "object_repr": "Nintendo SNES controller", "action_flag": 2, "change_message": "[{\"changed\": {\"fields\": [\"Manufacturer\"]}}]"}}, {"model": "admin.logentry", "pk": 33, "fields": {"action_time": "2021-11-26T19:14:15.124Z", "user": 5, "content_type": 14, "object_id": "13", "object_repr": "Nintendo NES controller", "action_flag": 2, "change_message": "[{\"changed\": {\"fields\": [\"Manufacturer\"]}}]"}}, {"model": "admin.logentry", "pk": 34, "fields": {"action_time": "2021-11-26T19:14:21.591Z", "user": 5, "content_type": 14, "object_id": "15", "object_repr": "Microsoft X-Box controller", "action_flag": 2, "change_message": "[{\"changed\": {\"fields\": [\"Manufacturer\"]}}]"}}, {"model": "admin.logentry", "pk": 35, "fields": {"action_time": "2021-11-26T19:14:30.108Z", "user": 5, "content_type": 14, "object_id": "7", "object_repr": "Sony Playstation", "action_flag": 2, "change_message": "[{\"changed\": {\"fields\": [\"Manufacturer\"]}}]"}}, {"model": "admin.logentry", "pk": 36, "fields": {"action_time": "2021-11-26T19:14:37.021Z", "user": 5, "content_type": 14, "object_id": "8", "object_repr": "Sony Playstation 2", "action_flag": 2, "change_message": "[{\"changed\": {\"fields\": [\"Manufacturer\"]}}]"}}, {"model": "admin.logentry", "pk": 37, "fields": {"action_time": "2021-11-26T19:14:43.072Z", "user": 5, "content_type": 14, "object_id": "9", "object_repr": "Nintendo Gameboy", "action_flag": 2, "change_message": "[{\"changed\": {\"fields\": [\"Manufacturer\"]}}]"}}, {"model": "admin.logentry", "pk": 38, "fields": {"action_time": "2021-11-26T19:14:49.259Z", "user": 5, "content_type": 14, "object_id": "10", "object_repr": "Sega Gamegear", "action_flag": 2, "change_message": "[{\"changed\": {\"fields\": [\"Manufacturer\"]}}]"}}, {"model": "admin.logentry", "pk": 39, "fields": {"action_time": "2021-11-26T19:14:56.779Z", "user": 5, "content_type": 14, "object_id": "5", "object_repr": "Sega Megadrive", "action_flag": 2, "change_message": "[{\"changed\": {\"fields\": [\"Manufacturer\"]}}]"}}, {"model": "admin.logentry", "pk": 40, "fields": {"action_time": "2021-11-26T19:15:03.536Z", "user": 5, "content_type": 14, "object_id": "6", "object_repr": "Sega Saturn", "action_flag": 2, "change_message": "[{\"changed\": {\"fields\": [\"Manufacturer\"]}}]"}}, {"model": "admin.logentry", "pk": 41, "fields": {"action_time": "2021-11-26T19:15:09.608Z", "user": 5, "content_type": 14, "object_id": "4", "object_repr": "Sega Master System", "action_flag": 2, "change_message": "[{\"changed\": {\"fields\": [\"Manufacturer\"]}}]"}}, {"model": "admin.logentry", "pk": 42, "fields": {"action_time": "2021-11-26T19:15:15.512Z", "user": 5, "content_type": 14, "object_id": "2", "object_repr": "Nintendo NES", "action_flag": 2, "change_message": "[{\"changed\": {\"fields\": [\"Manufacturer\"]}}]"}}, {"model": "admin.logentry", "pk": 43, "fields": {"action_time": "2021-11-26T19:15:22.590Z", "user": 5, "content_type": 14, "object_id": "1", "object_repr": "Nintendo SNES", "action_flag": 2, "change_message": "[{\"changed\": {\"fields\": [\"Manufacturer\"]}}]"}}, {"model": "admin.logentry", "pk": 44, "fields": {"action_time": "2021-11-26T19:15:28.552Z", "user": 5, "content_type": 14, "object_id": "3", "object_repr": "Nintendo 64", "action_flag": 2, "change_message": "[{\"changed\": {\"fields\": [\"Manufacturer\"]}}]"}}, {"model": "admin.logentry", "pk": 45, "fields": {"action_time": "2021-11-26T19:15:34.455Z", "user": 5, "content_type": 14, "object_id": "11", "object_repr": "Nintendo Gamecube", "action_flag": 2, "change_message": "[{\"changed\": {\"fields\": [\"Manufacturer\"]}}]"}}, {"model": "admin.logentry", "pk": 46, "fields": {"action_time": "2021-11-26T20:36:34.225Z", "user": 5, "content_type": 14, "object_id": "14", "object_repr": "Sony PS1 controller", "action_flag": 2, "change_message": "[{\"changed\": {\"fields\": [\"Image\"]}}]"}}, {"model": "admin.logentry", "pk": 47, "fields": {"action_time": "2021-11-26T20:37:03.594Z", "user": 5, "content_type": 14, "object_id": "14", "object_repr": "Sony PS1 controller", "action_flag": 2, "change_message": "[{\"changed\": {\"fields\": [\"Image\"]}}]"}}, {"model": "admin.logentry", "pk": 48, "fields": {"action_time": "2021-11-26T20:42:17.654Z", "user": 5, "content_type": 14, "object_id": "11", "object_repr": "Nintendo Gamecube", "action_flag": 2, "change_message": "[{\"changed\": {\"fields\": [\"Image\"]}}]"}}, {"model": "admin.logentry", "pk": 49, "fields": {"action_time": "2021-11-26T20:42:30.935Z", "user": 5, "content_type": 14, "object_id": "11", "object_repr": "Nintendo Gamecube", "action_flag": 2, "change_message": "[{\"changed\": {\"fields\": [\"Image\"]}}]"}}, {"model": "admin.logentry", "pk": 50, "fields": {"action_time": "2021-11-27T09:39:57.144Z", "user": 5, "content_type": 14, "object_id": "7", "object_repr": "Sony Playstation", "action_flag": 2, "change_message": "[{\"changed\": {\"fields\": [\"Image\"]}}]"}}, {"model": "admin.logentry", "pk": 51, "fields": {"action_time": "2021-11-27T10:27:11.154Z", "user": 5, "content_type": 14, "object_id": "7", "object_repr": "Sony Playstation", "action_flag": 2, "change_message": "[{\"changed\": {\"fields\": [\"Image\"]}}]"}}, {"model": "admin.logentry", "pk": 52, "fields": {"action_time": "2021-11-27T10:41:35.113Z", "user": 5, "content_type": 14, "object_id": "13", "object_repr": "Nintendo NES controller", "action_flag": 2, "change_message": "[{\"changed\": {\"fields\": [\"Image\"]}}]"}}, {"model": "admin.logentry", "pk": 53, "fields": {"action_time": "2021-11-27T10:41:57.521Z", "user": 5, "content_type": 14, "object_id": "13", "object_repr": "Nintendo NES controller", "action_flag": 2, "change_message": "[{\"changed\": {\"fields\": [\"Image\"]}}]"}}, {"model": "admin.logentry", "pk": 54, "fields": {"action_time": "2021-11-27T10:51:58.241Z", "user": 5, "content_type": 14, "object_id": "14", "object_repr": "Sony PS1 controller", "action_flag": 2, "change_message": "[{\"changed\": {\"fields\": [\"Image\"]}}]"}}, {"model": "admin.logentry", "pk": 55, "fields": {"action_time": "2021-11-27T10:52:10.263Z", "user": 5, "content_type": 14, "object_id": "14", "object_repr": "Sony PS1 controller", "action_flag": 2, "change_message": "[{\"changed\": {\"fields\": [\"Image\"]}}]"}}, {"model": "admin.logentry", "pk": 56, "fields": {"action_time": "2021-11-27T10:54:31.767Z", "user": 5, "content_type": 14, "object_id": "8", "object_repr": "Sony Playstation 2", "action_flag": 2, "change_message": "[{\"changed\": {\"fields\": [\"Image\"]}}]"}}, {"model": "admin.logentry", "pk": 57, "fields": {"action_time": "2021-11-27T10:54:41.800Z", "user": 5, "content_type": 14, "object_id": "8", "object_repr": "Sony Playstation 2", "action_flag": 2, "change_message": "[{\"changed\": {\"fields\": [\"Image\"]}}]"}}, {"model": "admin.logentry", "pk": 58, "fields": {"action_time": "2021-11-27T10:57:34.796Z", "user": 5, "content_type": 14, "object_id": "3", "object_repr": "Nintendo 64", "action_flag": 2, "change_message": "[{\"changed\": {\"fields\": [\"Image\"]}}]"}}, {"model": "admin.logentry", "pk": 59, "fields": {"action_time": "2021-11-27T10:57:41.513Z", "user": 5, "content_type": 14, "object_id": "3", "object_repr": "Nintendo 64", "action_flag": 2, "change_message": "[{\"changed\": {\"fields\": [\"Image\"]}}]"}}, {"model": "admin.logentry", "pk": 60, "fields": {"action_time": "2021-11-27T10:59:36.432Z", "user": 5, "content_type": 14, "object_id": "15", "object_repr": "Microsoft X-Box controller", "action_flag": 2, "change_message": "[{\"changed\": {\"fields\": [\"Image\"]}}]"}}, {"model": "admin.logentry", "pk": 61, "fields": {"action_time": "2021-11-27T10:59:43.309Z", "user": 5, "content_type": 14, "object_id": "15", "object_repr": "Microsoft X-Box controller", "action_flag": 2, "change_message": "[{\"changed\": {\"fields\": [\"Image\"]}}]"}}, {"model": "admin.logentry", "pk": 62, "fields": {"action_time": "2021-11-27T11:02:28.558Z", "user": 5, "content_type": 14, "object_id": "12", "object_repr": "Nintendo SNES controller", "action_flag": 2, "change_message": "[{\"changed\": {\"fields\": [\"Image\"]}}]"}}, {"model": "admin.logentry", "pk": 63, "fields": {"action_time": "2021-11-27T11:02:34.897Z", "user": 5, "content_type": 14, "object_id": "12", "object_repr": "Nintendo SNES controller", "action_flag": 2, "change_message": "[{\"changed\": {\"fields\": [\"Image\"]}}]"}}, {"model": "admin.logentry", "pk": 64, "fields": {"action_time": "2021-11-27T20:34:43.866Z", "user": 5, "content_type": 20, "object_id": "3", "object_repr": "1970s", "action_flag": 1, "change_message": "[{\"added\": {}}]"}}, {"model": "admin.logentry", "pk": 65, "fields": {"action_time": "2021-11-27T20:37:23.645Z", "user": 5, "content_type": 18, "object_id": "5", "object_repr": "2020s", "action_flag": 3, "change_message": ""}}, {"model": "admin.logentry", "pk": 66, "fields": {"action_time": "2021-11-27T20:37:41.056Z", "user": 5, "content_type": 20, "object_id": "6", "object_repr": "1970s", "action_flag": 1, "change_message": "[{\"added\": {}}]"}}, {"model": "admin.logentry", "pk": 67, "fields": {"action_time": "2021-11-27T20:38:21.721Z", "user": 5, "content_type": 14, "object_id": "7", "object_repr": "Sony Playstation", "action_flag": 2, "change_message": "[{\"changed\": {\"fields\": [\"Year\"]}}]"}}, {"model": "admin.logentry", "pk": 68, "fields": {"action_time": "2021-11-27T20:38:31.610Z", "user": 5, "content_type": 14, "object_id": "14", "object_repr": "Sony PS1 controller", "action_flag": 2, "change_message": "[{\"changed\": {\"fields\": [\"Year\"]}}]"}}, {"model": "admin.logentry", "pk": 69, "fields": {"action_time": "2021-11-27T20:38:48.808Z", "user": 5, "content_type": 14, "object_id": "1", "object_repr": "Nintendo SNES", "action_flag": 2, "change_message": "[{\"changed\": {\"fields\": [\"Year\"]}}]"}}, {"model": "admin.logentry", "pk": 70, "fields": {"action_time": "2021-11-27T20:38:56.793Z", "user": 5, "content_type": 14, "object_id": "12", "object_repr": "Nintendo SNES controller", "action_flag": 2, "change_message": "[{\"changed\": {\"fields\": [\"Year\"]}}]"}}, {"model": "admin.logentry", "pk": 71, "fields": {"action_time": "2021-11-27T20:39:07.937Z", "user": 5, "content_type": 14, "object_id": "9", "object_repr": "Nintendo Gameboy", "action_flag": 2, "change_message": "[{\"changed\": {\"fields\": [\"Year\"]}}]"}}, {"model": "admin.logentry", "pk": 72, "fields": {"action_time": "2021-11-27T20:39:19.272Z", "user": 5, "content_type": 14, "object_id": "10", "object_repr": "Sega Gamegear", "action_flag": 2, "change_message": "[{\"changed\": {\"fields\": [\"Year\"]}}]"}}, {"model": "admin.logentry", "pk": 73, "fields": {"action_time": "2021-11-27T20:39:50.417Z", "user": 5, "content_type": 14, "object_id": "2", "object_repr": "Nintendo NES", "action_flag": 2, "change_message": "[{\"changed\": {\"fields\": [\"Year\"]}}]"}}, {"model": "admin.logentry", "pk": 74, "fields": {"action_time": "2021-11-27T20:39:57.221Z", "user": 5, "content_type": 14, "object_id": "13", "object_repr": "Nintendo NES controller", "action_flag": 2, "change_message": "[{\"changed\": {\"fields\": [\"Year\"]}}]"}}, {"model": "admin.logentry", "pk": 75, "fields": {"action_time": "2021-11-27T20:40:14.322Z", "user": 5, "content_type": 14, "object_id": "15", "object_repr": "Microsoft X-Box controller", "action_flag": 2, "change_message": "[{\"changed\": {\"fields\": [\"Year\"]}}]"}}, {"model": "admin.logentry", "pk": 76, "fields": {"action_time": "2021-11-27T20:40:30.482Z", "user": 5, "content_type": 14, "object_id": "8", "object_repr": "Sony Playstation 2", "action_flag": 2, "change_message": "[{\"changed\": {\"fields\": [\"Year\"]}}]"}}, {"model": "admin.logentry", "pk": 77, "fields": {"action_time": "2021-11-27T20:41:30.454Z", "user": 5, "content_type": 14, "object_id": "5", "object_repr": "Sega Megadrive", "action_flag": 2, "change_message": "[{\"changed\": {\"fields\": [\"Year\", \"Description\"]}}]"}}, {"model": "admin.logentry", "pk": 78, "fields": {"action_time": "2021-11-27T20:41:46.365Z", "user": 5, "content_type": 14, "object_id": "6", "object_repr": "Sega Saturn", "action_flag": 2, "change_message": "[{\"changed\": {\"fields\": [\"Year\"]}}]"}}, {"model": "admin.logentry", "pk": 79, "fields": {"action_time": "2021-11-27T20:41:46.567Z", "user": 5, "content_type": 14, "object_id": "6", "object_repr": "Sega Saturn", "action_flag": 2, "change_message": "[]"}}, {"model": "admin.logentry", "pk": 80, "fields": {"action_time": "2021-11-27T20:42:19.348Z", "user": 5, "content_type": 14, "object_id": "4", "object_repr": "Sega Master System", "action_flag": 2, "change_message": "[{\"changed\": {\"fields\": [\"Year\"]}}]"}}, {"model": "admin.logentry", "pk": 81, "fields": {"action_time": "2021-11-27T20:42:59.213Z", "user": 5, "content_type": 14, "object_id": "3", "object_repr": "Nintendo 64", "action_flag": 2, "change_message": "[{\"changed\": {\"fields\": [\"Year\"]}}]"}}, {"model": "admin.logentry", "pk": 82, "fields": {"action_time": "2021-11-27T20:43:18.030Z", "user": 5, "content_type": 14, "object_id": "11", "object_repr": "Nintendo Gamecube", "action_flag": 2, "change_message": "[{\"changed\": {\"fields\": [\"Year\"]}}]"}}, {"model": "auth.user", "pk": 1, "fields": {"password": "pbkdf2_sha256$260000$YZkPCXjDvb5L61xUEjcNH9$hwAwNMjO4hxIa3Ccf6Un+rKbvzLEPrfjqcWBi02OOWc=", "last_login": "2021-11-23T09:30:10.193Z", "is_superuser": true, "username": "mantona13", "first_name": "", "last_name": "", "email": "craigmantona@hotmail.com", "is_staff": true, "is_active": true, "date_joined": "2021-11-09T10:20:13.885Z", "groups": [], "user_permissions": []}}, {"model": "auth.user", "pk": 2, "fields": {"password": "pbkdf2_sha256$260000$lD8nAWngjE1HR189bMp31Y$EHG63iKelR1pMvJh0Mr1NEJow1noK1levJZhEAJ/D48=", "last_login": null, "is_superuser": false, "username": "craigmantona@yahoo.co.uk", "first_name": "", "last_name": "", "email": "", "is_staff": false, "is_active": true, "date_joined": "2021-11-09T10:48:43.007Z", "groups": [], "user_permissions": []}}, {"model": "auth.user", "pk": 3, "fields": {"password": "pbkdf2_sha256$260000$qQveaP111axtHFMvbwmVBB$0yJyzxuUmu9veWdW0itQQ1BD7l3TV5sA1dYb1I7sx9A=", "last_login": "2021-11-27T21:46:33.713Z", "is_superuser": false, "username": "bad111", "first_name": "", "last_name": "", "email": "bad@ad.com", "is_staff": false, "is_active": true, "date_joined": "2021-11-20T22:49:11.686Z", "groups": [], "user_permissions": []}}, {"model": "auth.user", "pk": 4, "fields": {"password": "pbkdf2_sha256$260000$iJv1x03bF2OGNMCkWJUCCy$4YD1AMc5BWnYOIyop7zn8NJGcZBYrToSp/pmCbc82DY=", "last_login": "2021-11-21T18:50:32.448Z", "is_superuser": true, "username": "sup-user", "first_name": "", "last_name": "", "email": "craigmantona@yahoo.co.uk", "is_staff": true, "is_active": true, "date_joined": "2021-11-21T18:48:00.591Z", "groups": [], "user_permissions": []}}, {"model": "auth.user", "pk": 5, "fields": {"password": "pbkdf2_sha256$260000$HjZZb2YD6PhqH9XUowOpNI$cf60N5uWb/W4TquTR6ltWNVVA1O3pkH2+/ZI0ZyrpF8=", "last_login": "2021-11-27T21:48:44.199Z", "is_superuser": true, "username": "sp-usr", "first_name": "", "last_name": "", "email": "test@test.com", "is_staff": true, "is_active": true, "date_joined": "2021-11-23T09:35:36.000Z", "groups": [], "user_permissions": []}}, {"model": "auth.user", "pk": 6, "fields": {"password": "pbkdf2_sha256$260000$vaNsIliKrGDGrY1czBjxIE$z9qu6462+OmPTuGPPBRh/VQ58sAOElcFJ6qEoKOKxzI=", "last_login": null, "is_superuser": true, "username": "admin", "first_name": "", "last_name": "", "email": "craigmantona@hotmail.com", "is_staff": true, "is_active": true, "date_joined": "2021-11-27T22:10:28.799Z", "groups": [], "user_permissions": []}}, {"model": "sessions.session", "pk": "0y1lo3hx0ggoa2f4vzhzjo3brtti6okw", "fields": {"session_data": "e30:1mpS7u:y4CH1ASGqA1MJb7OBJXkl-3AZAgYxVsLD_jn8UxcZj0", "expire_date": "2021-12-07T09:30:10.134Z"}}, {"model": "sessions.session", "pk": "1ksx9srb1vfm44sqiblpwos0swkanr7c", "fields": {"session_data": "e30:1moXRp:KBkFbvJhKa1qRZq0JnQX1f_ECv7LZii4IzIt44AbSgo", "expire_date": "2021-12-04T20:58:57.220Z"}}, {"model": "sessions.session", "pk": "5d5j7td68fhe4exr5r3jne2y87qrq85j", "fields": {"session_data": "e30:1monqT:wzHWhnf_BYmtA8RTY8c7hDhxp3GYnGCpK6KDov8hcxQ", "expire_date": "2021-12-05T14:29:29.379Z"}}, {"model": "sessions.session", "pk": "6jlqknwc2lqevnwzaqkzbvxzbgtqkbe5", "fields": {"session_data": "e30:1moX1L:JvlHsQRJDnlNr1riK319R9ibD3ACU-ps8KEY2uBT8kQ", "expire_date": "2021-12-04T20:31:35.760Z"}}, {"model": "sessions.session", "pk": "6m7zizh37221qsuq33pahaqk43jt2llj", "fields": {"session_data": "e30:1moZ8k:2P4r1IutAjfa-_yp-WzpPBjNRvReY5lsz8RFxQ-MxIM", "expire_date": "2021-12-04T22:47:22.972Z"}}, {"model": "sessions.session", "pk": "850dw9ua2p6fv3max9eejmtcn9xjydax", "fields": {"session_data": ".eJxVjDsOgzAQBe-ydWT5uzaU6TkD2rUdIIlsiU-FuHuCREP7ZubtwDRAu4OB1hwP6Glbx35b8txPCVpQcNuY4ieXE6Q3laGKWMs6TyxORVx0EV1N-fu83NvBSMv4r9E5y2yCtgldozMqSqjRoMyv6GXjg3cqevZWGvKakKW1SMFlzVEFhOMHTH86Zg:1mnnUd:uyCc7FILCBQ0dzEHN3HSZTGXzGtf8XPqMMJYZHi32ug", "expire_date": "2021-12-02T19:54:47.811Z"}}, {"model": "sessions.session", "pk": "djjz8uinkznt5tibpx9sw4g1xud1t292", "fields": {"session_data": "e30:1moZ6a:WlxDCyc4QVG0M80spTzRgCPq2q1wr0CifzxTuM7foXk", "expire_date": "2021-12-04T22:45:08.278Z"}}, {"model": "sessions.session", "pk": "gjrxvppdq573li63toeoo9kh357w9ejp", "fields": {"session_data": ".eJxVjEEOwiAQRe_C2pCRAQou3XsGMjAgVUOT0q6Md7dNutDtf-_9twi0LjWsPc9hZHERWpx-t0jpmdsO-EHtPsk0tWUeo9wVedAubxPn1_Vw_w4q9brVoNlaZdC74lTW4DgpNRQPtkSH5Rw9m8GgLoAJyTNotIxbA5qywSw-X8A6NyA:1motWo:swaPugMweOX4BVU8ffwj9LMu_Ng4jSYRETokZVd8BZI", "expire_date": "2021-12-05T20:33:34.593Z"}}, {"model": "sessions.session", "pk": "hk06tk41h6x44vndc27179r7syrfyiga", "fields": {"session_data": "e30:1moYie:PHRC37JyBmx6MTUxOQpjeP4jVevYCGRD88Qyp_XCs-k", "expire_date": "2021-12-04T22:20:24.251Z"}}, {"model": "sessions.session", "pk": "k4gar84dybd86syqgmjrs96htl724oer", "fields": {"session_data": "e30:1moWXm:6z__KIA3JW6_GBQxIwi8FroghBZluFNFSIupDE105k8", "expire_date": "2021-12-04T20:01:02.420Z"}}, {"model": "sessions.session", "pk": "tvd2lm42s6wvl5pm2r0w58z5olp1t373", "fields": {"session_data": ".eJxVjMsOwiAQRf-FtSGURwtduvcbCMwMFjVgSptojP-uTbrQ7T3nnhfzYV0mvzaafUY2MsUOv1sMcKWyAbyEcq4calnmHPmm8J02fqpIt-Pu_gWm0KbvO-leDQaVdMJExKSs7JNyTpPppA6kBue6JAayBmzsSYMAEALJSglaxy3aqLVci6fHPc9PNor3B2ydPr4:1mqxmb:BGtUbLeuTxLGctKdgDUcKAvCA95Szcup5CgSFlWx3Ug", "expire_date": "2021-12-11T13:30:25.739Z"}}, {"model": "sessions.session", "pk": "txqwd0lentoz7jcu59wh8eloosfyqccp", "fields": {"session_data": ".eJxVjMEOwiAQBf-FsyEUFkp79O43kKUsFjVgoE00xn_XJj3o9c28eTGH6zK7tVF1KbCRaXb43TxOV8obCBfM58KnkpeaPN8UvtPGTyXQ7bi7f4EZ2_x9CwmT1iJ0YVDKR2lFjGgAQuw9Gep6Fa2SOoA0RNagilIBwmAjAsnebNFGraWSHT3uqT7ZKN4fgTA-7A:1mr5Yq:pXQavnzfNXil39nS_Igt562J0Qs1OIdgn5onBs2GBAs", "expire_date": "2021-12-11T21:48:44.358Z"}}, {"model": "sites.site", "pk": 1, "fields": {"domain": "retroconsole.example.com", "name": "Retro Console"}}, {"model": "account.emailaddress", "pk": 1, "fields": {"user": 2, "email": "craigmantona@yahoo.co.uk", "verified": true, "primary": true}}, {"model": "account.emailaddress", "pk": 2, "fields": {"user": 1, "email": "craigmantona@hotmail.com", "verified": true, "primary": true}}, {"model": "account.emailaddress", "pk": 3, "fields": {"user": 3, "email": "bad@ad.com", "verified": true, "primary": true}}, {"model": "account.emailaddress", "pk": 4, "fields": {"user": 5, "email": "test@test.com", "verified": true, "primary": true}}, {"model": "products.category", "pk": 1, "fields": {"name": "console", "friendly_name": "Console"}}, {"model": "products.category", "pk": 2, "fields": {"name": "controller", "friendly_name": "Controller"}}, {"model": "products.category", "pk": 3, "fields": {"name": "handheld", "friendly_name": "Handheld"}}, {"model": "products.category", "pk": 4, "fields": {"name": "nintendo", "friendly_name": "Nintendo"}}, {"model": "products.category", "pk": 5, "fields": {"name": "sega", "friendly_name": "Sega"}}, {"model": "products.category", "pk": 6, "fields": {"name": "sony", "friendly_name": "Sony"}}, {"model": "products.category", "pk": 7, "fields": {"name": "microsoft", "friendly_name": "Microsoft"}}, {"model": "products.category", "pk": 8, "fields": {"name": "new_arrivals", "friendly_name": "New Arrivals"}}, {"model": "products.manufacturer", "pk": 1, "fields": {"name": "nintendo", "friendly_name": "Nintendo"}}, {"model": "products.manufacturer", "pk": 2, "fields": {"name": "sega", "friendly_name": "Sega"}}, {"model": "products.manufacturer", "pk": 3, "fields": {"name": "sony", "friendly_name": "Sony"}}, {"model": "products.manufacturer", "pk": 4, "fields": {"name": "microsoft", "friendly_name": "Microsoft"}}, {"model": "products.year", "pk": 1, "fields": {"name": "1980s", "friendly_name": "1980s"}}, {"model": "products.year", "pk": 2, "fields": {"name": "1990s", "friendly_name": "1990s"}}, {"model": "products.year", "pk": 3, "fields": {"name": "2000s", "friendly_name": "2000s"}}, {"model": "products.year", "pk": 4, "fields": {"name": "2010s", "friendly_name": "2010s"}}, {"model": "products.year", "pk": 5, "fields": {"name": "2020s", "friendly_name": "2020s"}}, {"model": "products.year", "pk": 6, "fields": {"name": "1970s", "friendly_name": "1970s"}}, {"model": "products.product", "pk": 1, "fields": {"category": 1, "manufacturer": null, "year": null, "sku": "pp7458760912", "name": "Nintendo SNES", "description": "Super Nintendo Entertainment System. The SNES is Nintendo's second programmable home console, following the Nintendo Entertainment System (NES). The console introduced advanced graphics and sound capabilities compared with other systems at the time. The system was designed to accommodate the ongoing development of a variety of enhancement chips integrated into game cartridges to be competitive into the next generation.", "price": "159.99", "rating": "5.00", "image_url": "", "image": "snes-console.jpg"}}, {"model": "products.product", "pk": 2, "fields": {"category": 1, "manufacturer": null, "year": null, "sku": "pp7458458760", "name": "Nintendo NES", "description": "The Nintendo Entertainment System (NES) is an 8-bit third-generation home video game console produced by Nintendo.", "price": "94.99", "rating": "4.70", "image_url": "", "image": "nes.jpg"}}, {"model": "products.product", "pk": 3, "fields": {"category": 1, "manufacturer": null, "year": null, "sku": "pp7934456432", "name": "Nintendo 64", "description": "The Nintendo 64 (abbreviated as N64, stylized as NINTENDO64) is a home video game console developed and marketed by Nintendo. The console is the successor to the Super Nintendo Entertainment System. It was first released on June 23, 1996 in Japan, on September 29, 1996 in North America, and March 1, 1997 in Europe and Australia. It was the last major home console to use cartridges as its primary storage format until the Nintendo Switch in 2017. As a fifth generation console, it competed primarily with the Sony PlayStation and the Sega Saturn.", "price": "144.99", "rating": "4.40", "image_url": "", "image": "n64.jpg"}}, {"model": "products.product", "pk": 4, "fields": {"category": 1, "manufacturer": null, "year": null, "sku": "pp6843492722", "name": "Sega Master System", "description": "The Master System is a third-generation 8-bit home video game console manufactured by Sega.", "price": "89.99", "rating": "3.90", "image_url": "", "image": "mastersystem.jpg"}}, {"model": "products.product", "pk": 5, "fields": {"category": 1, "manufacturer": null, "year": null, "sku": "pp6471292149", "name": "Sega Megadrive", "description": "The Sega Genesis, known as the Mega Drive[c] outside North America, is a 16-bit fourth-generation home video game console developed and sold by Sega. The Genesis was Sega's third console and the successor to the Master System.", "price": "109.99", "rating": "3.90", "image_url": "", "image": "megadrive.jpg"}}, {"model": "products.product", "pk": 6, "fields": {"category": 1, "manufacturer": null, "year": null, "sku": "pp6602265444", "name": "Sega Dreamcast", "description": "The Dreamcast is a home video game console released by Sega on November 27, 1998 in Japan, September 9, 1999 in North America, and October 14, 1999 in Europe. It was the first in the sixth generation of video game consoles, preceding Sony's PlayStation 2, Nintendo's GameCube, and Microsoft's Xbox. The Dreamcast was Sega's final home console, marking the end of the company's eighteen years in the console market.", "price": "124.99", "rating": "4.30", "image_url": "", "image": "dreamcast.jpg"}}, {"model": "products.product", "pk": 7, "fields": {"category": 1, "manufacturer": null, "year": null, "sku": "pp3327680352", "name": "Sony Playstation", "description": "The PlayStation (abbreviated as PS, commonly known as the PS1 or its codename PSX) is a home video game console developed and marketed by Sony Computer Entertainment. It was first released on 3 December 1994 in Japan, 9 September 1995 in North America, 29 September 1995 in Europe, and 15 November 1995 in Australia, and was the first of the PlayStation line of video game consoles. As a fifth-generation console, the PlayStation primarily competed with the Nintendo 64 and the Sega Saturn.", "price": "84.65", "rating": "3.40", "image_url": "", "image": "ps1.jpg"}}, {"model": "products.product", "pk": 8, "fields": {"category": 1, "manufacturer": null, "year": null, "sku": "pp3327687782", "name": "Sony Playstation 2", "description": "The PlayStation 2 (PS2) is a home video game console developed and marketed by Sony Computer Entertainment. It was first released in Japan on March 4, 2000, in North America on October 26, 2000, in Europe on November 24, 2000, and in Australia on November 30, 2000. It is the successor to the original PlayStation, as well as the second installment in the PlayStation console line-up. A sixth-generation console, it competed with Sega's Dreamcast, Nintendo's GameCube, and Microsoft's original Xbox.", "price": "114.99", "rating": "3.50", "image_url": "", "image": "ps2.jpg"}}, {"model": "products.product", "pk": 9, "fields": {"category": 3, "manufacturer": null, "year": null, "sku": "pp5664387333", "name": "Nintendo Gameboy", "description": "The Game Boy is an 8-bit handheld game console developed and manufactured by Nintendo. The first handheld in the Game Boy family, it was first released in Japan on April 21, 1989. The console was released in North America later the same year, then in Europe in late 1990.", "price": "99.99", "rating": "4.70", "image_url": "", "image": "gameboy.jpg"}}, {"model": "products.product", "pk": 10, "fields": {"category": 3, "manufacturer": null, "year": null, "sku": "pp5674385419", "name": "Sega Gamegear", "description": "The Game Gear is an 8-bit fourth generation handheld game console released by Sega on October 6, 1990, in Japan, in April 1991 throughout North America and Europe, and during 1992 in Australia. The Game Gear primarily competed with Nintendo's Game Boy, the Atari Lynx, and NEC's TurboExpress. It shares much of its hardware with the Master System, and can play Master System games by the use of an adapter. Sega positioned the Game Gear, which had a full-color backlit screen with a landscape format, as a technologically superior handheld to the Game Boy", "price": "129.99", "rating": "2.80", "image_url": "", "image": "gamegear.jpg"}}, {"model": "products.product", "pk": 11, "fields": {"category": 1, "manufacturer": null, "year": null, "sku": "pp7956456651", "name": "Nintendo Gamecube", "description": "The Nintendo GameCube[b][c] is a home video game console released by Nintendo in Japan on September 14, 2001, in North America on November 18, 2001, and in PAL territories in 2002. The GameCube was Nintendo's entry in the sixth generation of video game consoles and is the successor to the Nintendo 64. The GameCube competed with Sony's PlayStation 2 and Microsoft's Xbox.", "price": "94.99", "rating": "3.00", "image_url": "", "image": "gamecube.jpg"}}, {"model": "products.product", "pk": 12, "fields": {"category": 2, "manufacturer": null, "year": null, "sku": "pp2124712766", "name": "Nintendo SNES controller", "description": "The standard SNES controller adds X and Y face buttons to the design of the NES iteration, arranging the four in a diamond shape, and adds two shoulder buttons. It features an ergonomic design by Lance Barr.", "price": "34.99", "rating": "4.90", "image_url": "", "image": "snes_controller.jpg"}}, {"model": "products.product", "pk": 13, "fields": {"category": 2, "manufacturer": null, "year": null, "sku": "pp2183412384", "name": "Nintendo NES controller", "description": "The game controller used for both the NES and the Famicom features an oblong brick-like design with a simple four button layout: two round buttons labeled A and B, a START button, and a SELECT button. Additionally, the controllers utilize the cross-shaped joypad, designed by Nintendo employee Gunpei Yokoi for Nintendo Game & Watch systems, to replace the bulkier joysticks on earlier gaming consoles' controllers", "price": "24.99", "rating": "3.80", "image_url": "", "image": "nes_controller.jpg"}}, {"model": "products.product", "pk": 14, "fields": {"category": 2, "manufacturer": null, "year": null, "sku": "pp2122418716", "name": "Sony PS1 controller", "description": "Based on the basic button configuration established with Nintendo's Super NES Controller, the PlayStation controller added a second pair of shoulder buttons for the middle fingers.", "price": "24.99", "rating": "2.70", "image_url": "", "image": "ps_controller.jpg"}}, {"model": "products.product", "pk": 15, "fields": {"category": 2, "manufacturer": null, "year": null, "sku": "pp2831418231", "name": "Microsoft X-Box controller", "description": "The Xbox controller is the primary game controller for Microsoft's Xbox home video game console and was introduced at the Game Developers Conference in 2000.", "price": "22.99", "rating": "2.80", "image_url": "", "image": "xbox_controller.jpg"}}, {"model": "checkout.order", "pk": 1, "fields": {"order_number": "4B39D542CB2D444FAAA86AE85F3CCCD4", "user_profile": null, "full_name": "sdad", "email": "sad@ad.com", "phone_number": "111111", "country": "United Kingdom", "postcode": "klnk", "town_or_city": "lknlkn", "street_address1": "lnlkn", "street_address2": "lknln", "county": "lnlk", "date": "2021-11-19T10:57:22.446Z", "delivery_cost": "0.00", "order_total": "769.93", "grand_total": "769.93", "original_bag": "", "stripe_pid": ""}}, {"model": "checkout.order", "pk": 2, "fields": {"order_number": "7ED99BFFD8254C0984503819921BC72A", "user_profile": null, "full_name": "sdad", "email": "sad@ad.com", "phone_number": "111111", "country": "United Kingdom", "postcode": "klnk", "town_or_city": "lknlkn", "street_address1": "lnlkn", "street_address2": "lknln", "county": "lnlk", "date": "2021-11-19T11:03:38.074Z", "delivery_cost": "0.00", "order_total": "499.96", "grand_total": "499.96", "original_bag": "", "stripe_pid": ""}}, {"model": "checkout.order", "pk": 3, "fields": {"order_number": "45CD203E21294F7C8743A0509567315E", "user_profile": null, "full_name": "sdad", "email": "sad@ad.com", "phone_number": "111111", "country": "United Kingdom", "postcode": "klnk", "town_or_city": "lknlkn", "street_address1": "lnlkn", "street_address2": null, "county": "lnlk", "date": "2021-11-19T11:31:25.864Z", "delivery_cost": "0.00", "order_total": "114.98", "grand_total": "114.98", "original_bag": "", "stripe_pid": ""}}, {"model": "checkout.order", "pk": 4, "fields": {"order_number": "701E52D143134DC8929AF1B43B4B7741", "user_profile": null, "full_name": "Killy", "email": "killy@hobbit.com", "phone_number": "4524242", "country": "Rivendell", "postcode": "R1", "town_or_city": "RR", "street_address1": "TTosknksjbs", "street_address2": null, "county": null, "date": "2021-11-19T11:48:10.365Z", "delivery_cost": "0.00", "order_total": "1264.88", "grand_total": "1264.88", "original_bag": "", "stripe_pid": ""}}, {"model": "checkout.order", "pk": 5, "fields": {"order_number": "6CC25C6AE001467786A24E7A29CAB3CE", "user_profile": null, "full_name": "sdad", "email": "sad@ad.com", "phone_number": "111111", "country": "United Kingdom", "postcode": "klnk", "town_or_city": "lknlkn", "street_address1": "lnlkn", "street_address2": "lknln", "county": "lnlk", "date": "2021-11-19T11:49:52.720Z", "delivery_cost": "0.00", "order_total": "94.97", "grand_total": "94.97", "original_bag": "", "stripe_pid": ""}}, {"model": "checkout.order", "pk": 6, "fields": {"order_number": "080BAB809FC24EFAB6C5E5D4E8D9945E", "user_profile": null, "full_name": "sdad", "email": "sad@ad.com", "phone_number": "111111", "country": "United Kingdom", "postcode": "klnk", "town_or_city": "lknlkn", "street_address1": "lnlkn", "street_address2": "lknln", "county": "lnlk", "date": "2021-11-19T12:30:26.029Z", "delivery_cost": "0.00", "order_total": "94.99", "grand_total": "94.99", "original_bag": "", "stripe_pid": ""}}, {"model": "checkout.order", "pk": 7, "fields": {"order_number": "3FE75F38BE2D41BE8D0510E8DD589814", "user_profile": null, "full_name": "sdad", "email": "sad@ad.com", "phone_number": "111111", "country": "GB", "postcode": "klnk", "town_or_city": "lknlkn", "street_address1": "lnlkn", "street_address2": "lknln", "county": "lnlk", "date": "2021-11-19T13:10:21.073Z", "delivery_cost": "0.00", "order_total": "167.98", "grand_total": "167.98", "original_bag": "", "stripe_pid": ""}}, {"model": "checkout.order", "pk": 8, "fields": {"order_number": "1C7252D7A6524B989A565B830FF9017B", "user_profile": null, "full_name": "sdad", "email": "sad@ad.com", "phone_number": "111111", "country": "GB", "postcode": "klnk", "town_or_city": "lknlkn", "street_address1": "lnlkn", "street_address2": "lknln", "county": "lnlk", "date": "2021-11-19T14:53:37.402Z", "delivery_cost": "0.00", "order_total": "84.65", "grand_total": "84.65", "original_bag": "{\"7\": 1}", "stripe_pid": "pi_3JxYSnHfnOZ6VCqZ0TvJVny2"}}, {"model": "checkout.order", "pk": 9, "fields": {"order_number": "F72D0C988CE54F6CA454437369B57173", "user_profile": 3, "full_name": "Craig Manton", "email": "craigmantona@hotmail.com", "phone_number": "07841922452", "country": "GB", "postcode": "CV32 6BY", "town_or_city": "Royal Leamington Spa", "street_address1": "1 Saxon Meadows", "street_address2": null, "county": "WARWICKSHIRE", "date": "2021-11-26T19:55:34.109Z", "delivery_cost": "0.00", "order_total": "214.64", "grand_total": "214.64", "original_bag": "{\"7\": 1, \"10\": 1}", "stripe_pid": "pi_3K0AViHfnOZ6VCqZ11XaZ3vF"}}, {"model": "checkout.order", "pk": 10, "fields": {"order_number": "C6554E6CA4EF43A893EA23B7B49BC146", "user_profile": 3, "full_name": "sdad", "email": "sad@ad.com", "phone_number": "111111", "country": "GB", "postcode": "klnk", "town_or_city": "lknlkn", "street_address1": "lnlkn", "street_address2": "lknln", "county": "lnlk", "date": "2021-11-26T20:07:00.892Z", "delivery_cost": "0.00", "order_total": "89.99", "grand_total": "89.99", "original_bag": "{\"4\": 1}", "stripe_pid": "pi_3K0AgxHfnOZ6VCqZ1Fq2f6lX"}}, {"model": "checkout.order", "pk": 11, "fields": {"order_number": "9F5F581396D64300967E5F281A1B1600", "user_profile": 3, "full_name": "The Wightman's", "email": "test@test.com", "phone_number": "111111", "country": "GB", "postcode": "CH62 0AW", "town_or_city": "Eastham", "street_address1": "91 Eastham Village Road", "street_address2": "lknln", "county": "Wirral", "date": "2021-11-26T20:08:43.050Z", "delivery_cost": "0.00", "order_total": "144.99", "grand_total": "144.99", "original_bag": "{\"3\": 1}", "stripe_pid": "pi_3K0AieHfnOZ6VCqZ1rv2pgg6"}}, {"model": "checkout.order", "pk": 12, "fields": {"order_number": "3EA7398105A74E779CF5BE482F1A08D1", "user_profile": 3, "full_name": "sdad", "email": "sad@ad.com", "phone_number": "111111", "country": "GB", "postcode": "klnk", "town_or_city": "lknlkn", "street_address1": "lnlkn", "street_address2": "lknln", "county": "lnlk", "date": "2021-11-26T21:55:34.226Z", "delivery_cost": "0.00", "order_total": "169.98", "grand_total": "169.98", "original_bag": "{\"3\": 1, \"14\": 1}", "stripe_pid": "pi_3K0CO4HfnOZ6VCqZ1CHOSbXy"}}, {"model": "checkout.order", "pk": 13, "fields": {"order_number": "64F0BE27895244CAB9A401CA3ED53BD4", "user_profile": 1, "full_name": "sdad", "email": "sad@ad.com", "phone_number": "111111", "country": "GB", "postcode": "klnk", "town_or_city": "lknlkn", "street_address1": "lnlkn", "street_address2": "lknln", "county": "lnlk", "date": "2021-11-27T21:47:40.934Z", "delivery_cost": "0.00", "order_total": "99.99", "grand_total": "99.99", "original_bag": "{\"9\": 1}", "stripe_pid": "pi_3K0YjyHfnOZ6VCqZ1YjxWMXq"}}, {"model": "checkout.order", "pk": 14, "fields": {"order_number": "7981B517FD764E3B85AD9EFD1B85C68A", "user_profile": 1, "full_name": "sdad", "email": "sad@ad.com", "phone_number": "111111", "country": "GB", "postcode": "klnk", "town_or_city": "lknlkn", "street_address1": "lnlkn", "street_address2": "lknln", "county": "lnlk", "date": "2021-11-27T21:48:26.682Z", "delivery_cost": "0.00", "order_total": "244.95", "grand_total": "244.95", "original_bag": "{\"3\": 1, \"14\": 4}", "stripe_pid": "pi_3K0YkjHfnOZ6VCqZ0r1XD3KI"}}, {"model": "checkout.orderlineitem", "pk": 1, "fields": {"order": 1, "product": 2, "quantity": 4, "lineitem_total": "379.96"}}, {"model": "checkout.orderlineitem", "pk": 2, "fields": {"order": 1, "product": 10, "quantity": 3, "lineitem_total": "389.97"}}, {"model": "checkout.orderlineitem", "pk": 3, "fields": {"order": 2, "product": 5, "quantity": 1, "lineitem_total": "109.99"}}, {"model": "checkout.orderlineitem", "pk": 4, "fields": {"order": 2, "product": 10, "quantity": 3, "lineitem_total": "389.97"}}, {"model": "checkout.orderlineitem", "pk": 5, "fields": {"order": 3, "product": 13, "quantity": 1, "lineitem_total": "24.99"}}, {"model": "checkout.orderlineitem", "pk": 6, "fields": {"order": 3, "product": 4, "quantity": 1, "lineitem_total": "89.99"}}, {"model": "checkout.orderlineitem", "pk": 7, "fields": {"order": 4, "product": 1, "quantity": 6, "lineitem_total": "959.94"}}, {"model": "checkout.orderlineitem", "pk": 8, "fields": {"order": 4, "product": 5, "quantity": 1, "lineitem_total": "109.99"}}, {"model": "checkout.orderlineitem", "pk": 9, "fields": {"order": 4, "product": 11, "quantity": 1, "lineitem_total": "94.99"}}, {"model": "checkout.orderlineitem", "pk": 10, "fields": {"order": 4, "product": 13, "quantity": 4, "lineitem_total": "99.96"}}, {"model": "checkout.orderlineitem", "pk": 11, "fields": {"order": 5, "product": 12, "quantity": 2, "lineitem_total": "69.98"}}, {"model": "checkout.orderlineitem", "pk": 12, "fields": {"order": 5, "product": 13, "quantity": 1, "lineitem_total": "24.99"}}, {"model": "checkout.orderlineitem", "pk": 13, "fields": {"order": 6, "product": 2, "quantity": 1, "lineitem_total": "94.99"}}, {"model": "checkout.orderlineitem", "pk": 14, "fields": {"order": 7, "product": 3, "quantity": 1, "lineitem_total": "144.99"}}, {"model": "checkout.orderlineitem", "pk": 15, "fields": {"order": 7, "product": 15, "quantity": 1, "lineitem_total": "22.99"}}, {"model": "checkout.orderlineitem", "pk": 16, "fields": {"order": 8, "product": 7, "quantity": 1, "lineitem_total": "84.65"}}, {"model": "checkout.orderlineitem", "pk": 17, "fields": {"order": 9, "product": 7, "quantity": 1, "lineitem_total": "84.65"}}, {"model": "checkout.orderlineitem", "pk": 18, "fields": {"order": 9, "product": 10, "quantity": 1, "lineitem_total": "129.99"}}, {"model": "checkout.orderlineitem", "pk": 19, "fields": {"order": 10, "product": 4, "quantity": 1, "lineitem_total": "89.99"}}, {"model": "checkout.orderlineitem", "pk": 20, "fields": {"order": 11, "product": 3, "quantity": 1, "lineitem_total": "144.99"}}, {"model": "checkout.orderlineitem", "pk": 21, "fields": {"order": 12, "product": 3, "quantity": 1, "lineitem_total": "144.99"}}, {"model": "checkout.orderlineitem", "pk": 22, "fields": {"order": 12, "product": 14, "quantity": 1, "lineitem_total": "24.99"}}, {"model": "checkout.orderlineitem", "pk": 23, "fields": {"order": 13, "product": 9, "quantity": 1, "lineitem_total": "99.99"}}, {"model": "checkout.orderlineitem", "pk": 24, "fields": {"order": 14, "product": 3, "quantity": 1, "lineitem_total": "144.99"}}, {"model": "checkout.orderlineitem", "pk": 25, "fields": {"order": 14, "product": 14, "quantity": 4, "lineitem_total": "99.96"}}, {"model": "profiles.userprofile", "pk": 1, "fields": {"user": 3, "default_phone_number": "111111", "default_street_address1": "lnlkn", "default_street_address2": "lknln", "default_town_or_city": "lknlkn", "default_county": "lnlk", "default_postcode": "klnk", "default_country": "GB"}}, {"model": "profiles.userprofile", "pk": 2, "fields": {"user": 4, "default_phone_number": null, "default_street_address1": null, "default_street_address2": null, "default_town_or_city": null, "default_county": null, "default_postcode": null, "default_country": null}}, {"model": "profiles.userprofile", "pk": 3, "fields": {"user": 5, "default_phone_number": "Sup", "default_street_address1": "1 Sup Road", "default_street_address2": null, "default_town_or_city": "Sup City", "default_county": null, "default_postcode": "SUP 123", "default_country": "GB"}}, {"model": "profiles.userprofile", "pk": 4, "fields": {"user": 6, "default_phone_number": null, "default_street_address1": null, "default_street_address2": null, "default_town_or_city": null, "default_county": null, "default_postcode": null, "default_country": null}}, {"model": "contact.contact", "pk": 1, "fields": {"user_profile": 1, "name": "sdad", "email": "sad@ad.com", "subject": "Test", "message": "Test message", "date_sent": "2021-11-26T19:10:12.436Z"}}]